"DESCRIPTION","DURATION IN MS","NAME","PARENT SUITE","START TIME","STATUS","STOP TIME","SUB SUITE","SUITE","TEST CLASS","TEST METHOD"
"Auto-generated: Click ""    "" triggers expected action
Expected: Click results in visible action (navigation, modal open, or state change) without JS errors","6811","positive | interaction | Click ""    "" triggers expected action","AI Automation Subset Suite","2026-05-29","passed","2026-05-29","com.ai.automation.generated.TC_beta_solwerindia_com_69Test","First 78 Tests","com.ai.automation.generated.TC_beta_solwerindia_com_69Test","test_TC_beta_solwerindia_com_69"
"Auto-generated: First paint under slow network
Expected: Critical UI (header/hero) appears within acceptable threshold under degraded bandwidth","8753","edge | performance | First paint under slow network","AI Automation Subset Suite","2026-05-29","passed","2026-05-29","com.ai.automation.generated.TC_beta_solwerindia_com_64Test","First 78 Tests","com.ai.automation.generated.TC_beta_solwerindia_com_64Test","test_TC_beta_solwerindia_com_64"
"Auto-generated: Submit form-1 with valid data
Expected: Submission succeeds with success message or navigation; no validation errors","5152","positive | form | Submit form-1 with valid data","AI Automation Subset Suite","2026-05-29","passed","2026-05-29","com.ai.automation.generated.TC_beta_solwerindia_com_27Test","First 78 Tests","com.ai.automation.generated.TC_beta_solwerindia_com_27Test","test_TC_beta_solwerindia_com_27"
"Auto-generated: Click ""    "" triggers expected action
Expected: Click results in visible action (navigation, modal open, or state change) without JS errors","4751","positive | interaction | Click ""    "" triggers expected action","AI Automation Subset Suite","2026-05-29","passed","2026-05-29","com.ai.automation.generated.TC_beta_solwerindia_com_4Test","First 78 Tests","com.ai.automation.generated.TC_beta_solwerindia_com_4Test","test_TC_beta_solwerindia_com_4"
"Auto-generated: Click ""  "" triggers expected action
Expected: Click results in visible action (navigation, modal open, or state change) without JS errors","5198","positive | interaction | Click ""  "" triggers expected action","AI Automation Subset Suite","2026-05-29","passed","2026-05-29","com.ai.automation.generated.TC_beta_solwerindia_com_24Test","First 78 Tests","com.ai.automation.generated.TC_beta_solwerindia_com_24Test","test_TC_beta_solwerindia_com_24"
"Auto-generated: Click ""Book Demo"" triggers expected action
Expected: Click results in visible action (navigation, modal open, or state change) without JS errors","5335","positive | interaction | Click ""Book Demo"" triggers expected action","AI Automation Subset Suite","2026-05-29","passed","2026-05-29","com.ai.automation.generated.TC_beta_solwerindia_com_22Test","First 78 Tests","com.ai.automation.generated.TC_beta_solwerindia_com_22Test","test_TC_beta_solwerindia_com_22"
"Auto-generated: Load page successfully
Expected: Page loads within acceptable time and title is not empty; no severe console errors","5071","positive | navigation | Load page successfully","AI Automation Subset Suite","2026-05-29","passed","2026-05-29","com.ai.automation.generated.TC_beta_solwerindia_com_56Test","First 78 Tests","com.ai.automation.generated.TC_beta_solwerindia_com_56Test","test_TC_beta_solwerindia_com_56"
"Auto-generated: Click ""    "" triggers expected action
Expected: Click results in visible action (navigation, modal open, or state change) without JS errors","5123","positive | interaction | Click ""    "" triggers expected action","AI Automation Subset Suite","2026-05-29","passed","2026-05-29","com.ai.automation.generated.TC_beta_solwerindia_com_39Test","First 78 Tests","com.ai.automation.generated.TC_beta_solwerindia_com_39Test","test_TC_beta_solwerindia_com_39"
"Auto-generated: Embedded iframe renders
Expected: Iframe loads without mixed-content or CSP errors; content is visible","5232","positive | integration | Embedded iframe renders","AI Automation Subset Suite","2026-05-29","passed","2026-05-29","com.ai.automation.generated.TC_beta_solwerindia_com_32Test","First 78 Tests","com.ai.automation.generated.TC_beta_solwerindia_com_32Test","test_TC_beta_solwerindia_com_32"
"Auto-generated: Key content visible above the fold
Expected: Critical messaging appears immediately to user","4070","positive | content | Key content visible above the fold","AI Automation Subset Suite","2026-05-29","passed","2026-05-29","com.ai.automation.generated.TC_beta_solwerindia_com_76Test","First 78 Tests","com.ai.automation.generated.TC_beta_solwerindia_com_76Test","test_TC_beta_solwerindia_com_76"
"Auto-generated: Load SOLWER India: IoT, AI, Innovative Technology successfully
Expected: Page loads within acceptable time and title is not empty; no severe console errors","4754","positive | navigation | Load SOLWER India: IoT, AI, Innovative Technology successfully","AI Automation Subset Suite","2026-05-29","passed","2026-05-29","com.ai.automation.generated.TC_beta_solwerindia_com_12Test","First 78 Tests","com.ai.automation.generated.TC_beta_solwerindia_com_12Test","test_TC_beta_solwerindia_com_12"
"Auto-generated: Click """" triggers expected action
Expected: Click results in visible action (navigation, modal open, or state change) without JS errors","5544","positive | interaction | Click """" triggers expected action","AI Automation Subset Suite","2026-05-29","passed","2026-05-29","com.ai.automation.generated.TC_beta_solwerindia_com_74Test","First 78 Tests","com.ai.automation.generated.TC_beta_solwerindia_com_74Test","test_TC_beta_solwerindia_com_74"
"Auto-generated: Click ""    "" triggers expected action
Expected: Click results in visible action (navigation, modal open, or state change) without JS errors","5228","positive | interaction | Click ""    "" triggers expected action","AI Automation Subset Suite","2026-05-29","passed","2026-05-29","com.ai.automation.generated.TC_beta_solwerindia_com_7Test","First 78 Tests","com.ai.automation.generated.TC_beta_solwerindia_com_7Test","test_TC_beta_solwerindia_com_7"
"Auto-generated: Key content visible above the fold
Expected: Critical messaging appears immediately to user","4671","positive | content | Key content visible above the fold","AI Automation Subset Suite","2026-05-29","passed","2026-05-29","com.ai.automation.generated.TC_beta_solwerindia_com_47Test","First 78 Tests","com.ai.automation.generated.TC_beta_solwerindia_com_47Test","test_TC_beta_solwerindia_com_47"
"Auto-generated: Click ""Try now "" triggers expected action
Expected: Click results in visible action (navigation, modal open, or state change) without JS errors","5127","positive | interaction | Click ""Try now "" triggers expected action","AI Automation Subset Suite","2026-05-29","passed","2026-05-29","com.ai.automation.generated.TC_beta_solwerindia_com_42Test","First 78 Tests","com.ai.automation.generated.TC_beta_solwerindia_com_42Test","test_TC_beta_solwerindia_com_42"
"Auto-generated: Key content visible above the fold
Expected: Critical messaging appears immediately to user","4878","positive | content | Key content visible above the fold","AI Automation Subset Suite","2026-05-29","passed","2026-05-29","com.ai.automation.generated.TC_beta_solwerindia_com_26Test","First 78 Tests","com.ai.automation.generated.TC_beta_solwerindia_com_26Test","test_TC_beta_solwerindia_com_26"
"Auto-generated: Click ""E-learning Modules "" triggers expected action
Expected: Click results in visible action (navigation, modal open, or state change) without JS errors","6546","positive | interaction | Click ""E-learning Modules "" triggers expected action","AI Automation Subset Suite","2026-05-29","passed","2026-05-29","com.ai.automation.generated.TC_beta_solwerindia_com_71Test","First 78 Tests","com.ai.automation.generated.TC_beta_solwerindia_com_71Test","test_TC_beta_solwerindia_com_71"
"Auto-generated: Click ""Solutions "" triggers expected action
Expected: Click results in visible action (navigation, modal open, or state change) without JS errors","4655","positive | interaction | Click ""Solutions "" triggers expected action","AI Automation Subset Suite","2026-05-29","passed","2026-05-29","com.ai.automation.generated.TC_beta_solwerindia_com_37Test","First 78 Tests","com.ai.automation.generated.TC_beta_solwerindia_com_37Test","test_TC_beta_solwerindia_com_37"
"Auto-generated: Click ""Solutions "" triggers expected action
Expected: Click results in visible action (navigation, modal open, or state change) without JS errors","4365","positive | interaction | Click ""Solutions "" triggers expected action","AI Automation Subset Suite","2026-05-29","passed","2026-05-29","com.ai.automation.generated.TC_beta_solwerindia_com_5Test","First 78 Tests","com.ai.automation.generated.TC_beta_solwerindia_com_5Test","test_TC_beta_solwerindia_com_5"
"Auto-generated: form-1: required field validation
Expected: Inline validation highlights the empty field; form does not submit","6519","negative | form | form-1: required field validation","AI Automation Subset Suite","2026-05-29","passed","2026-05-29","com.ai.automation.generated.TC_beta_solwerindia_com_78Test","First 78 Tests","com.ai.automation.generated.TC_beta_solwerindia_com_78Test","test_TC_beta_solwerindia_com_78"
"Auto-generated: Load page successfully
Expected: Page loads within acceptable time and title is not empty; no severe console errors","5407","positive | navigation | Load page successfully","AI Automation Subset Suite","2026-05-29","passed","2026-05-29","com.ai.automation.generated.TC_beta_solwerindia_com_51Test","First 78 Tests","com.ai.automation.generated.TC_beta_solwerindia_com_51Test","test_TC_beta_solwerindia_com_51"
"Auto-generated: Load page successfully
Expected: Page loads within acceptable time and title is not empty; no severe console errors","4528","positive | navigation | Load page successfully","AI Automation Subset Suite","2026-05-29","passed","2026-05-29","com.ai.automation.generated.TC_beta_solwerindia_com_62Test","First 78 Tests","com.ai.automation.generated.TC_beta_solwerindia_com_62Test","test_TC_beta_solwerindia_com_62"
"Auto-generated: Click ""Try now "" triggers expected action
Expected: Click results in visible action (navigation, modal open, or state change) without JS errors","4390","positive | interaction | Click ""Try now "" triggers expected action","AI Automation Subset Suite","2026-05-29","passed","2026-05-29","com.ai.automation.generated.TC_beta_solwerindia_com_45Test","First 78 Tests","com.ai.automation.generated.TC_beta_solwerindia_com_45Test","test_TC_beta_solwerindia_com_45"
"Auto-generated: Click ""    "" triggers expected action
Expected: Click results in visible action (navigation, modal open, or state change) without JS errors","5559","positive | interaction | Click ""    "" triggers expected action","AI Automation Subset Suite","2026-05-29","passed","2026-05-29","com.ai.automation.generated.TC_beta_solwerindia_com_36Test","First 78 Tests","com.ai.automation.generated.TC_beta_solwerindia_com_36Test","test_TC_beta_solwerindia_com_36"
"Auto-generated: Click ""Book Demo"" triggers expected action
Expected: Click results in visible action (navigation, modal open, or state change) without JS errors","5725","positive | interaction | Click ""Book Demo"" triggers expected action","AI Automation Subset Suite","2026-05-29","passed","2026-05-29","com.ai.automation.generated.TC_beta_solwerindia_com_21Test","First 78 Tests","com.ai.automation.generated.TC_beta_solwerindia_com_21Test","test_TC_beta_solwerindia_com_21"
"Auto-generated: Key content visible above the fold
Expected: Critical messaging appears immediately to user","4718","positive | content | Key content visible above the fold","AI Automation Subset Suite","2026-05-29","passed","2026-05-29","com.ai.automation.generated.TC_beta_solwerindia_com_10Test","First 78 Tests","com.ai.automation.generated.TC_beta_solwerindia_com_10Test","test_TC_beta_solwerindia_com_10"
"Auto-generated: Graceful handling of broken navigation
Expected: User sees branded 404/empty state without crashes; navigation controls remain usable","4637","negative | navigation | Graceful handling of broken navigation","AI Automation Subset Suite","2026-05-29","passed","2026-05-29","com.ai.automation.generated.TC_beta_solwerindia_com_57Test","First 78 Tests","com.ai.automation.generated.TC_beta_solwerindia_com_57Test","test_TC_beta_solwerindia_com_57"
"Auto-generated: Click ""E-learning Modules "" triggers expected action
Expected: Click results in visible action (navigation, modal open, or state change) without JS errors","7101","positive | interaction | Click ""E-learning Modules "" triggers expected action","AI Automation Subset Suite","2026-05-29","passed","2026-05-29","com.ai.automation.generated.TC_beta_solwerindia_com_17Test","First 78 Tests","com.ai.automation.generated.TC_beta_solwerindia_com_17Test","test_TC_beta_solwerindia_com_17"
"Auto-generated: Click ""Book Demo"" triggers expected action
Expected: Click results in visible action (navigation, modal open, or state change) without JS errors","4786","positive | interaction | Click ""Book Demo"" triggers expected action","AI Automation Subset Suite","2026-05-29","passed","2026-05-29","com.ai.automation.generated.TC_beta_solwerindia_com_20Test","First 78 Tests","com.ai.automation.generated.TC_beta_solwerindia_com_20Test","test_TC_beta_solwerindia_com_20"
"Auto-generated: Click ""Solutions "" triggers expected action
Expected: Click results in visible action (navigation, modal open, or state change) without JS errors","6066","positive | interaction | Click ""Solutions "" triggers expected action","AI Automation Subset Suite","2026-05-29","passed","2026-05-29","com.ai.automation.generated.TC_beta_solwerindia_com_70Test","First 78 Tests","com.ai.automation.generated.TC_beta_solwerindia_com_70Test","test_TC_beta_solwerindia_com_70"
"Auto-generated: Load page successfully
Expected: Page loads within acceptable time and title is not empty; no severe console errors","5915","positive | navigation | Load page successfully","AI Automation Subset Suite","2026-05-29","passed","2026-05-29","com.ai.automation.generated.TC_beta_solwerindia_com_59Test","First 78 Tests","com.ai.automation.generated.TC_beta_solwerindia_com_59Test","test_TC_beta_solwerindia_com_59"
"Auto-generated: Graceful handling of broken navigation
Expected: User sees branded 404/empty state without crashes; navigation controls remain usable","5027","negative | navigation | Graceful handling of broken navigation","AI Automation Subset Suite","2026-05-29","passed","2026-05-29","com.ai.automation.generated.TC_beta_solwerindia_com_2Test","First 78 Tests","com.ai.automation.generated.TC_beta_solwerindia_com_2Test","test_TC_beta_solwerindia_com_2"
"Auto-generated: First paint under slow network
Expected: Critical UI (header/hero) appears within acceptable threshold under degraded bandwidth","4428","edge | performance | First paint under slow network","AI Automation Subset Suite","2026-05-29","passed","2026-05-29","com.ai.automation.generated.TC_beta_solwerindia_com_68Test","First 78 Tests","com.ai.automation.generated.TC_beta_solwerindia_com_68Test","test_TC_beta_solwerindia_com_68"
"Auto-generated: Submit form-1 with valid data
Expected: Submission succeeds with success message or navigation; no validation errors","5798","positive | form | Submit form-1 with valid data","AI Automation Subset Suite","2026-05-29","passed","2026-05-29","com.ai.automation.generated.TC_beta_solwerindia_com_77Test","First 78 Tests","com.ai.automation.generated.TC_beta_solwerindia_com_77Test","test_TC_beta_solwerindia_com_77"
"Auto-generated: Click ""    "" triggers expected action
Expected: Click results in visible action (navigation, modal open, or state change) without JS errors","6858","positive | interaction | Click ""    "" triggers expected action","AI Automation Subset Suite","2026-05-29","passed","2026-05-29","com.ai.automation.generated.TC_beta_solwerindia_com_15Test","First 78 Tests","com.ai.automation.generated.TC_beta_solwerindia_com_15Test","test_TC_beta_solwerindia_com_15"
"Auto-generated: First paint under slow network
Expected: Critical UI (header/hero) appears within acceptable threshold under degraded bandwidth","4816","edge | performance | First paint under slow network","AI Automation Subset Suite","2026-05-29","passed","2026-05-29","com.ai.automation.generated.TC_beta_solwerindia_com_50Test","First 78 Tests","com.ai.automation.generated.TC_beta_solwerindia_com_50Test","test_TC_beta_solwerindia_com_50"
"Auto-generated: Accessibility: headings are sequential
Expected: No skipped heading levels; improves screen reader navigation","5284","edge | content | Accessibility: headings are sequential","AI Automation Subset Suite","2026-05-29","passed","2026-05-29","com.ai.automation.generated.TC_beta_solwerindia_com_9Test","First 78 Tests","com.ai.automation.generated.TC_beta_solwerindia_com_9Test","test_TC_beta_solwerindia_com_9"
"Auto-generated: Accessibility: headings are sequential
Expected: No skipped heading levels; improves screen reader navigation","5974","edge | content | Accessibility: headings are sequential","AI Automation Subset Suite","2026-05-29","passed","2026-05-29","com.ai.automation.generated.TC_beta_solwerindia_com_75Test","First 78 Tests","com.ai.automation.generated.TC_beta_solwerindia_com_75Test","test_TC_beta_solwerindia_com_75"
"Auto-generated: Click ""Book Demo"" triggers expected action
Expected: Click results in visible action (navigation, modal open, or state change) without JS errors","5946","positive | interaction | Click ""Book Demo"" triggers expected action","AI Automation Subset Suite","2026-05-29","passed","2026-05-29","com.ai.automation.generated.TC_beta_solwerindia_com_19Test","First 78 Tests","com.ai.automation.generated.TC_beta_solwerindia_com_19Test","test_TC_beta_solwerindia_com_19"
"Auto-generated: Click ""Book Demo"" triggers expected action
Expected: Click results in visible action (navigation, modal open, or state change) without JS errors","6461","positive | interaction | Click ""Book Demo"" triggers expected action","AI Automation Subset Suite","2026-05-29","passed","2026-05-29","com.ai.automation.generated.TC_beta_solwerindia_com_23Test","First 78 Tests","com.ai.automation.generated.TC_beta_solwerindia_com_23Test","test_TC_beta_solwerindia_com_23"
"Auto-generated: Click """" triggers expected action
Expected: Click results in visible action (navigation, modal open, or state change) without JS errors","4341","positive | interaction | Click """" triggers expected action","AI Automation Subset Suite","2026-05-29","passed","2026-05-29","com.ai.automation.generated.TC_beta_solwerindia_com_41Test","First 78 Tests","com.ai.automation.generated.TC_beta_solwerindia_com_41Test","test_TC_beta_solwerindia_com_41"
"Auto-generated: Click ""Solutions "" triggers expected action
Expected: Click results in visible action (navigation, modal open, or state change) without JS errors","6036","positive | interaction | Click ""Solutions "" triggers expected action","AI Automation Subset Suite","2026-05-29","passed","2026-05-29","com.ai.automation.generated.TC_beta_solwerindia_com_16Test","First 78 Tests","com.ai.automation.generated.TC_beta_solwerindia_com_16Test","test_TC_beta_solwerindia_com_16"
"Auto-generated: First paint under slow network
Expected: Critical UI (header/hero) appears within acceptable threshold under degraded bandwidth","6572","edge | performance | First paint under slow network","AI Automation Subset Suite","2026-05-29","passed","2026-05-29","com.ai.automation.generated.TC_beta_solwerindia_com_61Test","First 78 Tests","com.ai.automation.generated.TC_beta_solwerindia_com_61Test","test_TC_beta_solwerindia_com_61"
"Auto-generated: Load Digital Tools - SOLWER India | Innovative Technology Solutions successfully
Expected: Page loads within acceptable time and title is not empty; no severe console errors","5217","positive | navigation | Load Digital Tools - SOLWER India | Innovative Technology Solutions successfully","AI Automation Subset Suite","2026-05-29","passed","2026-05-29","com.ai.automation.generated.TC_beta_solwerindia_com_33Test","First 78 Tests","com.ai.automation.generated.TC_beta_solwerindia_com_33Test","test_TC_beta_solwerindia_com_33"
"Auto-generated: Graceful handling of broken navigation
Expected: User sees branded 404/empty state without crashes; navigation controls remain usable","5302","negative | navigation | Graceful handling of broken navigation","AI Automation Subset Suite","2026-05-29","passed","2026-05-29","com.ai.automation.generated.TC_beta_solwerindia_com_52Test","First 78 Tests","com.ai.automation.generated.TC_beta_solwerindia_com_52Test","test_TC_beta_solwerindia_com_52"
"Auto-generated: Third-party scripts resiliency
Expected: Page remains usable and shows graceful degradation when a script fails to load","6250","edge | integration | Third-party scripts resiliency","AI Automation Subset Suite","2026-05-29","passed","2026-05-29","com.ai.automation.generated.TC_beta_solwerindia_com_31Test","First 78 Tests","com.ai.automation.generated.TC_beta_solwerindia_com_31Test","test_TC_beta_solwerindia_com_31"
"Auto-generated: Click ""E-learning Modules "" triggers expected action
Expected: Click results in visible action (navigation, modal open, or state change) without JS errors","4858","positive | interaction | Click ""E-learning Modules "" triggers expected action","AI Automation Subset Suite","2026-05-29","passed","2026-05-29","com.ai.automation.generated.TC_beta_solwerindia_com_38Test","First 78 Tests","com.ai.automation.generated.TC_beta_solwerindia_com_38Test","test_TC_beta_solwerindia_com_38"
"Auto-generated: Click ""    "" triggers expected action
Expected: Click results in visible action (navigation, modal open, or state change) without JS errors","5810","positive | interaction | Click ""    "" triggers expected action","AI Automation Subset Suite","2026-05-29","passed","2026-05-29","com.ai.automation.generated.TC_beta_solwerindia_com_72Test","First 78 Tests","com.ai.automation.generated.TC_beta_solwerindia_com_72Test","test_TC_beta_solwerindia_com_72"
"Auto-generated: First paint under slow network
Expected: Critical UI (header/hero) appears within acceptable threshold under degraded bandwidth","4855","edge | performance | First paint under slow network","AI Automation Subset Suite","2026-05-29","passed","2026-05-29","com.ai.automation.generated.TC_beta_solwerindia_com_3Test","First 78 Tests","com.ai.automation.generated.TC_beta_solwerindia_com_3Test","test_TC_beta_solwerindia_com_3"
"Auto-generated: Click ""Download Brochure"" triggers expected action
Expected: Click results in visible action (navigation, modal open, or state change) without JS errors","6326","positive | interaction | Click ""Download Brochure"" triggers expected action","AI Automation Subset Suite","2026-05-29","passed","2026-05-29","com.ai.automation.generated.TC_beta_solwerindia_com_73Test","First 78 Tests","com.ai.automation.generated.TC_beta_solwerindia_com_73Test","test_TC_beta_solwerindia_com_73"
"Auto-generated: First paint under slow network
Expected: Critical UI (header/hero) appears within acceptable threshold under degraded bandwidth","5168","edge | performance | First paint under slow network","AI Automation Subset Suite","2026-05-29","passed","2026-05-29","com.ai.automation.generated.TC_beta_solwerindia_com_14Test","First 78 Tests","com.ai.automation.generated.TC_beta_solwerindia_com_14Test","test_TC_beta_solwerindia_com_14"
"Auto-generated: form-1: invalid email is rejected
Expected: Client-side validation blocks submission and shows clear error on email field","5186","negative | form | form-1: invalid email is rejected","AI Automation Subset Suite","2026-05-29","passed","2026-05-29","com.ai.automation.generated.TC_beta_solwerindia_com_30Test","First 78 Tests","com.ai.automation.generated.TC_beta_solwerindia_com_30Test","test_TC_beta_solwerindia_com_30"
"Auto-generated: Load page successfully
Expected: Page loads within acceptable time and title is not empty; no severe console errors","5571","positive | navigation | Load page successfully","AI Automation Subset Suite","2026-05-29","passed","2026-05-29","com.ai.automation.generated.TC_beta_solwerindia_com_53Test","First 78 Tests","com.ai.automation.generated.TC_beta_solwerindia_com_53Test","test_TC_beta_solwerindia_com_53"
"Auto-generated: Accessibility: headings are sequential
Expected: No skipped heading levels; improves screen reader navigation","5288","edge | content | Accessibility: headings are sequential","AI Automation Subset Suite","2026-05-29","passed","2026-05-29","com.ai.automation.generated.TC_beta_solwerindia_com_25Test","First 78 Tests","com.ai.automation.generated.TC_beta_solwerindia_com_25Test","test_TC_beta_solwerindia_com_25"
"Auto-generated: Graceful handling of broken navigation
Expected: User sees branded 404/empty state without crashes; navigation controls remain usable","6533","negative | navigation | Graceful handling of broken navigation","AI Automation Subset Suite","2026-05-29","passed","2026-05-29","com.ai.automation.generated.TC_beta_solwerindia_com_67Test","First 78 Tests","com.ai.automation.generated.TC_beta_solwerindia_com_67Test","test_TC_beta_solwerindia_com_67"
"Auto-generated: Click """" triggers expected action
Expected: Click results in visible action (navigation, modal open, or state change) without JS errors","4773","positive | interaction | Click """" triggers expected action","AI Automation Subset Suite","2026-05-29","passed","2026-05-29","com.ai.automation.generated.TC_beta_solwerindia_com_8Test","First 78 Tests","com.ai.automation.generated.TC_beta_solwerindia_com_8Test","test_TC_beta_solwerindia_com_8"
"Auto-generated: Load page successfully
Expected: Page loads within acceptable time and title is not empty; no severe console errors","5470","positive | navigation | Load page successfully","AI Automation Subset Suite","2026-05-29","passed","2026-05-29","com.ai.automation.generated.TC_beta_solwerindia_com_65Test","First 78 Tests","com.ai.automation.generated.TC_beta_solwerindia_com_65Test","test_TC_beta_solwerindia_com_65"
"Auto-generated: Click ""    "" triggers expected action
Expected: Click results in visible action (navigation, modal open, or state change) without JS errors","7179","positive | interaction | Click ""    "" triggers expected action","AI Automation Subset Suite","2026-05-29","passed","2026-05-29","com.ai.automation.generated.TC_beta_solwerindia_com_18Test","First 78 Tests","com.ai.automation.generated.TC_beta_solwerindia_com_18Test","test_TC_beta_solwerindia_com_18"
"Auto-generated: Graceful handling of broken navigation
Expected: User sees branded 404/empty state without crashes; navigation controls remain usable","6016","negative | navigation | Graceful handling of broken navigation","AI Automation Subset Suite","2026-05-29","passed","2026-05-29","com.ai.automation.generated.TC_beta_solwerindia_com_54Test","First 78 Tests","com.ai.automation.generated.TC_beta_solwerindia_com_54Test","test_TC_beta_solwerindia_com_54"
"Auto-generated: First paint under slow network
Expected: Critical UI (header/hero) appears within acceptable threshold under degraded bandwidth","4933","edge | performance | First paint under slow network","AI Automation Subset Suite","2026-05-29","passed","2026-05-29","com.ai.automation.generated.TC_beta_solwerindia_com_35Test","First 78 Tests","com.ai.automation.generated.TC_beta_solwerindia_com_35Test","test_TC_beta_solwerindia_com_35"
"Auto-generated: Load SOLWER India - Data-Driven Sustainable Automotive Solutions successfully
Expected: Page loads within acceptable time and title is not empty; no severe console errors","4566","positive | navigation | Load SOLWER India - Data-Driven Sustainable Automotive Solutions successfully","AI Automation Subset Suite","2026-05-29","passed","2026-05-29","com.ai.automation.generated.TC_beta_solwerindia_com_66Test","First 78 Tests","com.ai.automation.generated.TC_beta_solwerindia_com_66Test","test_TC_beta_solwerindia_com_66"
"Auto-generated: Third-party scripts resiliency
Expected: Page remains usable and shows graceful degradation when a script fails to load","4417","edge | integration | Third-party scripts resiliency","AI Automation Subset Suite","2026-05-29","passed","2026-05-29","com.ai.automation.generated.TC_beta_solwerindia_com_11Test","First 78 Tests","com.ai.automation.generated.TC_beta_solwerindia_com_11Test","test_TC_beta_solwerindia_com_11"
"Auto-generated: First paint under slow network
Expected: Critical UI (header/hero) appears within acceptable threshold under degraded bandwidth","4106","edge | performance | First paint under slow network","AI Automation Subset Suite","2026-05-29","passed","2026-05-29","com.ai.automation.generated.TC_beta_solwerindia_com_58Test","First 78 Tests","com.ai.automation.generated.TC_beta_solwerindia_com_58Test","test_TC_beta_solwerindia_com_58"
"Auto-generated: Load SOLWER India - Data-Driven Sustainable Automotive Solutions successfully
Expected: Page loads within acceptable time and title is not empty; no severe console errors","1456","positive | navigation | Load SOLWER India - Data-Driven Sustainable Automotive Solutions successfully","AI Automation Subset Suite","2026-05-29","passed","2026-05-29","com.ai.automation.generated.TC_beta_solwerindia_com_1Test","First 78 Tests","com.ai.automation.generated.TC_beta_solwerindia_com_1Test","test_TC_beta_solwerindia_com_1"
"Auto-generated: form-1: required field validation
Expected: Inline validation highlights the empty field; form does not submit","5251","negative | form | form-1: required field validation","AI Automation Subset Suite","2026-05-29","passed","2026-05-29","com.ai.automation.generated.TC_beta_solwerindia_com_28Test","First 78 Tests","com.ai.automation.generated.TC_beta_solwerindia_com_28Test","test_TC_beta_solwerindia_com_28"
"Auto-generated: Click ""E-learning Modules "" triggers expected action
Expected: Click results in visible action (navigation, modal open, or state change) without JS errors","6141","positive | interaction | Click ""E-learning Modules "" triggers expected action","AI Automation Subset Suite","2026-05-29","passed","2026-05-29","com.ai.automation.generated.TC_beta_solwerindia_com_6Test","First 78 Tests","com.ai.automation.generated.TC_beta_solwerindia_com_6Test","test_TC_beta_solwerindia_com_6"
"Auto-generated: Graceful handling of broken navigation
Expected: User sees branded 404/empty state without crashes; navigation controls remain usable","5242","negative | navigation | Graceful handling of broken navigation","AI Automation Subset Suite","2026-05-29","passed","2026-05-29","com.ai.automation.generated.TC_beta_solwerindia_com_34Test","First 78 Tests","com.ai.automation.generated.TC_beta_solwerindia_com_34Test","test_TC_beta_solwerindia_com_34"
"Auto-generated: form-1: boundary input lengths
Expected: Form handles oversized input gracefully (truncation or validation message) without breaking layout","4374","edge | form | form-1: boundary input lengths","AI Automation Subset Suite","2026-05-29","passed","2026-05-29","com.ai.automation.generated.TC_beta_solwerindia_com_29Test","First 78 Tests","com.ai.automation.generated.TC_beta_solwerindia_com_29Test","test_TC_beta_solwerindia_com_29"
"Auto-generated: Third-party scripts resiliency
Expected: Page remains usable and shows graceful degradation when a script fails to load","7837","edge | integration | Third-party scripts resiliency","AI Automation Subset Suite","2026-05-29","passed","2026-05-29","com.ai.automation.generated.TC_beta_solwerindia_com_48Test","First 78 Tests","com.ai.automation.generated.TC_beta_solwerindia_com_48Test","test_TC_beta_solwerindia_com_48"
"Auto-generated: Accessibility: headings are sequential
Expected: No skipped heading levels; improves screen reader navigation","3983","edge | content | Accessibility: headings are sequential","AI Automation Subset Suite","2026-05-29","passed","2026-05-29","com.ai.automation.generated.TC_beta_solwerindia_com_46Test","First 78 Tests","com.ai.automation.generated.TC_beta_solwerindia_com_46Test","test_TC_beta_solwerindia_com_46"
"Auto-generated: Click ""Try now "" triggers expected action
Expected: Click results in visible action (navigation, modal open, or state change) without JS errors","4597","positive | interaction | Click ""Try now "" triggers expected action","AI Automation Subset Suite","2026-05-29","passed","2026-05-29","com.ai.automation.generated.TC_beta_solwerindia_com_40Test","First 78 Tests","com.ai.automation.generated.TC_beta_solwerindia_com_40Test","test_TC_beta_solwerindia_com_40"
"Auto-generated: Graceful handling of broken navigation
Expected: User sees branded 404/empty state without crashes; navigation controls remain usable","5892","negative | navigation | Graceful handling of broken navigation","AI Automation Subset Suite","2026-05-29","passed","2026-05-29","com.ai.automation.generated.TC_beta_solwerindia_com_60Test","First 78 Tests","com.ai.automation.generated.TC_beta_solwerindia_com_60Test","test_TC_beta_solwerindia_com_60"
"Auto-generated: First paint under slow network
Expected: Critical UI (header/hero) appears within acceptable threshold under degraded bandwidth","4516","edge | performance | First paint under slow network","AI Automation Subset Suite","2026-05-29","passed","2026-05-29","com.ai.automation.generated.TC_beta_solwerindia_com_55Test","First 78 Tests","com.ai.automation.generated.TC_beta_solwerindia_com_55Test","test_TC_beta_solwerindia_com_55"
"Auto-generated: Click ""Try now "" triggers expected action
Expected: Click results in visible action (navigation, modal open, or state change) without JS errors","4570","positive | interaction | Click ""Try now "" triggers expected action","AI Automation Subset Suite","2026-05-29","passed","2026-05-29","com.ai.automation.generated.TC_beta_solwerindia_com_44Test","First 78 Tests","com.ai.automation.generated.TC_beta_solwerindia_com_44Test","test_TC_beta_solwerindia_com_44"
"Auto-generated: Embedded iframe renders
Expected: Iframe loads without mixed-content or CSP errors; content is visible","4479","positive | integration | Embedded iframe renders","AI Automation Subset Suite","2026-05-29","passed","2026-05-29","com.ai.automation.generated.TC_beta_solwerindia_com_49Test","First 78 Tests","com.ai.automation.generated.TC_beta_solwerindia_com_49Test","test_TC_beta_solwerindia_com_49"
"Auto-generated: Graceful handling of broken navigation
Expected: User sees branded 404/empty state without crashes; navigation controls remain usable","5316","negative | navigation | Graceful handling of broken navigation","AI Automation Subset Suite","2026-05-29","passed","2026-05-29","com.ai.automation.generated.TC_beta_solwerindia_com_13Test","First 78 Tests","com.ai.automation.generated.TC_beta_solwerindia_com_13Test","test_TC_beta_solwerindia_com_13"
"Auto-generated: Graceful handling of broken navigation
Expected: User sees branded 404/empty state without crashes; navigation controls remain usable","4671","negative | navigation | Graceful handling of broken navigation","AI Automation Subset Suite","2026-05-29","passed","2026-05-29","com.ai.automation.generated.TC_beta_solwerindia_com_63Test","First 78 Tests","com.ai.automation.generated.TC_beta_solwerindia_com_63Test","test_TC_beta_solwerindia_com_63"
"Auto-generated: Click """" triggers expected action
Expected: Click results in visible action (navigation, modal open, or state change) without JS errors","5349","positive | interaction | Click """" triggers expected action","AI Automation Subset Suite","2026-05-29","passed","2026-05-29","com.ai.automation.generated.TC_beta_solwerindia_com_43Test","First 78 Tests","com.ai.automation.generated.TC_beta_solwerindia_com_43Test","test_TC_beta_solwerindia_com_43"
